Layout1,28 Mar 2016
EMPTY SLOT 2,date
EMPTY SLOT 3,date
EMPTY SLOT 4,date
EMPTY SLOT 5,date
EMPTY SLOT 6,date
EMPTY SLOT 7,date
EMPTY SLOT 8,date
EMPTY SLOT 9,date
EMPTY SLOT 10,date
EMPTY SLOT 11,date
EMPTY SLOT 12,date
EMPTY SLOT 13,date
EMPTY SLOT 14,date
EMPTY SLOT 15,date
EMPTY SLOT 1,date,name,0
EMPTY SLOT 2,date,name,0
EMPTY SLOT 3,date,name,0
EMPTY SLOT 4,date,name,0
EMPTY SLOT 5,date,name,0
EMPTY SLOT 6,date,name,0
EMPTY SLOT 7,date,name,0
EMPTY SLOT 8,date,name,0
EMPTY SLOT 9,date,name,0
EMPTY SLOT 10,date,name,0
EMPTY SLOT 11,date,name,0
EMPTY SLOT 12,date,name,0
EMPTY SLOT 13,date,name,0
EMPTY SLOT 14,date,name,0
EMPTY SLOT 15,date,name,0
